civil,undercover
câine,lup
pădure,junglă
gheață,zăpadă
vioară,violoncel
păun,lebădă
pisică,tigru
avion,elicopter
frigider,congelator
pește,delfin
pahar,cană
copac,arbore
telefon,tabletă
avion,elicopter
birou,masă
ulei,grăsime
zid,gard
frigider,congelator
zid,gard
tristețe,melancolie
tractor,combină
carte,jurnal
minge,balon
pâine,baghetă
mare,ocean
păun,lebădă
pădure,junglă
frunză,floare
vânt,briză
soare,stea
mare,ocean
hârtie,carton
pește,delfin
vânt,briză
fericire,bucurie
fotbal,handbal
tristețe,melancolie
lac,piscină
pădure,junglă
oraș,metropolă
oraș,metropolă
oraș,metropolă
pisică,tigru
laptop,computer
frigider,congelator
frunză,floare
gheață,zăpadă
lună,saturn
ulei,grăsime
tastatură,mouse
tractor,combină
vioară,violoncel
munte,deal
tristețe,melancolie
tastatură,mouse
scaun,canapea
laptop,computer
soare,stea
fericire,bucurie
tractor,combină
zid,gard
vânt,briză
zid,gard
soare,stea
tastatură,mouse
șarpe,anaconda
fericire,bucurie
oraș,metropolă
mașină,camion
copac,arbore
mașină,camion
pâine,baghetă
tastatură,mouse
balenă,rechin
hârtie,carton
tastatură,mouse
furtună,uragan
oraș,metropolă
hârtie,carton
fruct,legumă
zid,gard
soare,stea
avion,elicopter
tren,metrou
pahar,cană
fericire,bucurie
munte,deal
fericire,bucurie
munte,deal
frunză,floare
fericire,bucurie
telefon,tabletă
cafea,ceai
carte,jurnal
tractor,combină
păun,lebădă
scaun,canapea
minge,balon
copac,arbore
frigider,congelator
fruct,legumă
pește,delfin
scaun,canapea
balenă,rechin
hârtie,carton
frunză,floare
câine,lup
scaun,canapea
tristețe,melancolie
vioară,violoncel
oraș,metropolă
tren,metrou
tractor,combină
ulei,grăsime
fotbal,handbal
mare,ocean
pahar,cană
fotbal,handbal
furtună,uragan
cafea,ceai
birou,masă
ulei,grăsime
tastatură,mouse
avion,elicopter
zid,gard
tastatură,mouse
zid,gard
tren,metrou
tren,metrou
gheață,zăpadă
ulei,grăsime
tractor,combină
pădure,junglă
pahar,cană
vânt,briză
fericire,bucurie
pahar,cană
frigider,congelator
mașină,camion
balenă,rechin
pâine,baghetă
gheață,zăpadă
tren,metrou
fericire,bucurie
pisică,tigru
munte,deal
tren,metrou
carte,jurnal
soare,stea
avion,elicopter
vânt,briză
copac,arbore
tristețe,melancolie
birou,masă
oraș,metropolă
furtună,uragan
pisică,tigru
copac,arbore
telefon,tabletă
telefon,tabletă
pisică,tigru
lac,piscină
carte,jurnal
avion,elicopter
gheață,zăpadă
pește,delfin
copac,arbore
copac,arbore
tren,metrou
pește,delfin
fotbal,handbal
fotbal,handbal
copac,arbore
mare,ocean
păun,lebădă
copac,arbore
tastatură,mouse
laptop,computer
pește,delfin
tractor,combină
vânt,briză
ceas,orologiu
fotbal,handbal
scaun,canapea
fericire,bucurie
pădure,junglă
gheață,zăpadă
avion,elicopter
tractor,combină
fericire,bucurie
ceas,orologiu
tristețe,melancolie
tastatură,mouse
cafea,ceai
pește,delfin
furtună,uragan
balenă,rechin
pădure,junglă
frunză,floare
ceas,orologiu
gheață,zăpadă
laptop,computer
fericire,bucurie
pahar,cană
minge,balon
avion,elicopter
balenă,rechin
pisică,tigru
fotbal,handbal
scaun,canapea
păun,lebădă
lac,piscină
păun,lebădă
scaun,canapea
copac,arbore
mașină,camion
fotbal,handbal
copac,arbore
zid,gard
hârtie,carton
ulei,grăsime
tractor,combină
pisică,tigru
laptop,computer
birou,masă
telefon,tabletă
frunză,floare
lac,piscină
hârtie,carton
păun,lebădă
munte,deal
frigider,congelator
ulei,grăsime
vioară,violoncel
scaun,canapea
balenă,rechin
lună,saturn
avion,elicopter
frunză,floare
soare,stea
gheață,zăpadă
soare,stea
vânt,briză
pisică,tigru
pâine,baghetă
fericire,bucurie
munte,deal
furtună,uragan
fruct,legumă
balenă,rechin
munte,deal
vioară,violoncel
tastatură,mouse
carte,jurnal
pahar,cană
frunză,floare
lac,piscină
pâine,baghetă
pahar,cană
vânt,briză
gheață,zăpadă
vânt,briză
gheață,zăpadă
pisică,tigru
soare,stea
munte,deal
fruct,legumă
tractor,combină
pisică,tigru
soare,stea
zid,gard
tastatură,mouse
tristețe,melancolie
ceas,orologiu
pește,delfin
cafea,ceai
laptop,computer
vânt,briză
balenă,rechin
minge,balon
minge,balon
minge,balon
gheață,zăpadă
tristețe,melancolie
frigider,congelator
zid,gard
mașină,camion
păun,lebădă
tastatură,mouse
câine,lup
câine,lup
pește,delfin
câine,lup
fruct,legumă
frunză,floare
șarpe,anaconda
minge,balon
frunză,floare
fotbal,handbal
munte,deal
ulei,grăsime
hârtie,carton
munte,deal
pește,delfin
tristețe,melancolie
ceas,orologiu
ulei,grăsime
pâine,baghetă
scaun,canapea
pâine,baghetă
pahar,cană
scaun,canapea
tastatură,mouse
hârtie,carton
tristețe,melancolie
tren,metrou
câine,lup
ceas,orologiu
soare,stea
avion,elicopter
vioară,violoncel
păun,lebădă
lac,piscină
pisică,tigru
pahar,cană
păun,lebădă
pisică,tigru
mare,ocean
hârtie,carton
tristețe,melancolie
câine,lup
șarpe,anaconda
hârtie,carton
carte,jurnal
tastatură,mouse
vioară,violoncel
mașină,camion
fruct,legumă
pâine,baghetă
zid,gard
birou,masă
pahar,cană
telefon,tabletă
mașină,camion
birou,masă
fotbal,handbal
carte,jurnal
zid,gard
soare,stea
tristețe,melancolie
birou,masă
birou,masă
frunză,floare
frigider,congelator
mare,ocean
zid,gard
soare,stea
mașină,camion
șarpe,anaconda
avion,elicopter
pădure,junglă
scaun,canapea
birou,masă
tren,metrou
frigider,congelator
pisică,tigru
hârtie,carton
pâine,baghetă
pahar,cană
pește,delfin
fericire,bucurie
oraș,metropolă
pește,delfin
mare,ocean
păun,lebădă
furtună,uragan
telefon,tabletă
copac,arbore
balenă,rechin
soare,stea
laptop,computer
frunză,floare
pâine,baghetă
pâine,baghetă
balenă,rechin
fruct,legumă
frigider,congelator
fruct,legumă
ulei,grăsime
frunză,floare
fruct,legumă
minge,balon
vânt,briză
frigider,congelator
vânt,briză
câine,lup
fotbal,handbal
pisică,tigru
telefon,tabletă
câine,lup
zid,gard
tractor,combină
gheață,zăpadă
lună,saturn
tristețe,melancolie
mașină,camion
carte,jurnal
pește,delfin
lună,saturn
balenă,rechin
scaun,canapea
mașină,camion
pâine,baghetă
furtună,uragan
vioară,violoncel
munte,deal
fruct,legumă
fericire,bucurie
minge,balon
laptop,computer
frunză,floare
furtună,uragan
lună,saturn
pește,delfin
tractor,combină
tractor,combină
hârtie,carton
fericire,bucurie
balenă,rechin
mașină,camion
lac,piscină
fotbal,handbal
cafea,ceai
fericire,bucurie
soare,stea
pâine,baghetă
scaun,canapea
furtună,uragan
pădure,junglă
fotbal,handbal
vioară,violoncel
minge,balon
pisică,tigru
frunză,floare
mare,ocean
carte,jurnal
birou,masă
copac,arbore
fotbal,handbal
balenă,rechin
ceas,orologiu
frunză,floare
frigider,congelator
carte,jurnal
pâine,baghetă
mare,ocean
tren,metrou
telefon,tabletă
telefon,tabletă
oraș,metropolă
fotbal,handbal
minge,balon
zid,gard
ceas,orologiu
zid,gard
frunză,floare
pădure,junglă
tractor,combină
avion,elicopter
tastatură,mouse
tristețe,melancolie
oraș,metropolă
birou,masă
munte,deal
fruct,legumă
câine,lup
gheață,zăpadă
tractor,combină
frigider,congelator
cafea,ceai
pădure,junglă
furtună,uragan
șarpe,anaconda
fericire,bucurie
tastatură,mouse
mare,ocean
frigider,congelator
vânt,briză
lac,piscină
hârtie,carton
cafea,ceai
minge,balon
fotbal,handbal
furtună,uragan
telefon,tabletă
lună,saturn
mașină,camion
scaun,canapea
lac,piscină
copac,arbore
tren,metrou
